﻿<?xml version="1.0" encoding="utf-8" ?>
<c2eventsheet>
    <!--All the 'name' attributes are ignored by Construct 2 - they are there for readability only.-->
    <name>Event Home</name>
    <events>
        <variable constant="0" name="opt" sid="203965066698606" static="0" type="number">0</variable>
        <variable constant="0" name="toggleSFX" sid="541206783108187" static="0" type="number">1</variable>
        <variable constant="0" name="toggleBGM" sid="909771296686907" static="0" type="number">1</variable>
        <event-block sid="441681121242287">
            <conditions>
                <condition id="-2" name="On start of layout" sid="945774668000405" type="System" />
            </conditions>
            <actions>
                <action id="0" name="Play" sid="180591140362086" type="Audio">
                    <param id="0" name="Audio file">17 agt wav</param>
                    <param id="2" name="Loop">1</param>
                    <param id="3" name="Volume">0</param>
                    <param id="1" name="Tag (optional)">&quot;bg&quot;</param>
                </action>
                <action id="-15" name="Set visible" sid="413019627198085" type="bgmCek">
                    <param id="0" name="Visibility">1</param>
                </action>
                <action id="-15" name="Set visible" sid="420045037476708" type="sfxCek">
                    <param id="0" name="Visibility">1</param>
                </action>
                <action id="1" name="Get item" sid="493297681887031" type="LocalStorage">
                    <param id="0" name="Key">&quot;stage&quot;</param>
                </action>
                <action id="-9" name="Set value" sid="346752321373952" type="System">
                    <param id="0" name="Variable">level</param>
                    <param id="1" name="Value"> int(localstorage.itemvalue)</param>
                </action>
            </actions>
        </event-block>
        <event-block sid="639987309418672">
            <conditions>
                <condition id="10" name="On item missing" sid="430373616423881" type="LocalStorage">
                    <param id="0" name="Key">&quot;stage&quot;</param>
                </condition>
            </conditions>
            <actions>
                <action id="-9" name="Set value" sid="761486188157723" type="System">
                    <param id="0" name="Variable">level</param>
                    <param id="1" name="Value">1</param>
                </action>
                <action id="0" name="Set item" sid="839925605674314" type="LocalStorage">
                    <param id="0" name="Key">&quot;stage&quot;</param>
                    <param id="1" name="Value">1</param>
                </action>
            </actions>
        </event-block>
        <event-block sid="828877250539806">
            <conditions>
                <condition id="6" name="On object clicked" sid="566997390243843" type="Mouse">
                    <param id="0" name="Mouse button">0</param>
                    <param id="1" name="Click type">0</param>
                    <param id="2" name="Object clicked">play</param>
                </condition>
                <condition id="-14" name="Compare variable" sid="807857264850253" type="System">
                    <param id="0" name="Variable">opt</param>
                    <param id="1" name="Comparison">0</param>
                    <param id="2" name="Value">0</param>
                </condition>
            </conditions>
            <actions>
                <action id="-2" name="Go to layout" sid="633093423654875" type="System">
                    <param id="0" name="Layout">Map</param>
                </action>
            </actions>
        </event-block>
        <event-group description="" sid="242913292990681" title="Options Pop Up">
            <sub-events>
                <event-block sid="318186110756879">
                    <conditions>
                        <condition id="6" name="On object clicked" sid="491609106650941" type="Mouse">
                            <param id="0" name="Mouse button">0</param>
                            <param id="1" name="Click type">0</param>
                            <param id="2" name="Object clicked">options</param>
                        </condition>
                        <condition id="-14" name="Compare variable" sid="872933577279672" type="System">
                            <param id="0" name="Variable">opt</param>
                            <param id="1" name="Comparison">0</param>
                            <param id="2" name="Value">0</param>
                        </condition>
                    </conditions>
                    <actions>
                        <action id="-9" name="Set value" sid="678148073143825" type="System">
                            <param id="0" name="Variable">opt</param>
                            <param id="1" name="Value">1</param>
                        </action>
                        <action id="-15" name="Set visible" sid="823169044227089" type="optionsPopup">
                            <param id="0" name="Visibility">1</param>
                        </action>
                        <action behavior="Fade" id="2" name="Set fade-in time" sid="912279844363420" type="optionsPopup">
                            <param id="0" name="Fade-in time">1</param>
                        </action>
                        <action behavior="Fade" id="4" name="Set fade-out time" sid="196849918734458" type="optionsPopup">
                            <param id="0" name="Fade-out time">0</param>
                        </action>
                        <action behavior="Fade" id="0" name="Restart fade" sid="768824775024306" type="optionsPopup" />
                        <action id="-15" name="Set visible" sid="742031094073916" type="backOptions">
                            <param id="0" name="Visibility">1</param>
                        </action>
                        <action behavior="Fade" id="2" name="Set fade-in time" sid="223359794396270" type="backOptions">
                            <param id="0" name="Fade-in time">1</param>
                        </action>
                        <action behavior="Fade" id="4" name="Set fade-out time" sid="696922565452992" type="backOptions">
                            <param id="0" name="Fade-out time">0</param>
                        </action>
                        <action behavior="Fade" id="0" name="Restart fade" sid="817124561701784" type="backOptions" />
                        <action id="-15" name="Set visible" sid="733428253309308" type="tint">
                            <param id="0" name="Visibility">1</param>
                        </action>
                        <action behavior="Fade" id="2" name="Set fade-in time" sid="741001583049096" type="tint">
                            <param id="0" name="Fade-in time">1</param>
                        </action>
                        <action behavior="Fade" id="4" name="Set fade-out time" sid="707615720751986" type="tint">
                            <param id="0" name="Fade-out time">0</param>
                        </action>
                        <action behavior="Fade" id="0" name="Restart fade" sid="373762857111822" type="tint" />
                        <action id="-15" name="Set visible" sid="607267850913534" type="bgmBox">
                            <param id="0" name="Visibility">1</param>
                        </action>
                        <action behavior="Fade" id="2" name="Set fade-in time" sid="679647871037233" type="bgmBox">
                            <param id="0" name="Fade-in time">1</param>
                        </action>
                        <action behavior="Fade" id="4" name="Set fade-out time" sid="401869343368540" type="bgmBox">
                            <param id="0" name="Fade-out time">0</param>
                        </action>
                        <action behavior="Fade" id="0" name="Restart fade" sid="848250190655186" type="bgmBox" />
                        <action id="-15" name="Set visible" sid="195392521354749" type="BGM">
                            <param id="0" name="Visibility">1</param>
                        </action>
                        <action behavior="Fade" id="2" name="Set fade-in time" sid="129408163220957" type="BGM">
                            <param id="0" name="Fade-in time">1</param>
                        </action>
                        <action behavior="Fade" id="4" name="Set fade-out time" sid="968034045235592" type="BGM">
                            <param id="0" name="Fade-out time">0</param>
                        </action>
                        <action behavior="Fade" id="0" name="Restart fade" sid="344858260937425" type="BGM" />
                        <action id="-15" name="Set visible" sid="349966033571658" type="SFX">
                            <param id="0" name="Visibility">1</param>
                        </action>
                        <action behavior="Fade" id="2" name="Set fade-in time" sid="538543299985008" type="SFX">
                            <param id="0" name="Fade-in time">1</param>
                        </action>
                        <action behavior="Fade" id="4" name="Set fade-out time" sid="454268031500559" type="SFX">
                            <param id="0" name="Fade-out time">0</param>
                        </action>
                        <action behavior="Fade" id="0" name="Restart fade" sid="694721550878963" type="SFX" />
                        <action id="-15" name="Set visible" sid="780174661576933" type="sfxBox">
                            <param id="0" name="Visibility">1</param>
                        </action>
                        <action behavior="Fade" id="2" name="Set fade-in time" sid="571892802234793" type="sfxBox">
                            <param id="0" name="Fade-in time">1</param>
                        </action>
                        <action behavior="Fade" id="4" name="Set fade-out time" sid="666292420148129" type="sfxBox">
                            <param id="0" name="Fade-out time">0</param>
                        </action>
                        <action behavior="Fade" id="0" name="Restart fade" sid="332361531979264" type="sfxBox" />
                    </actions>
                </event-block>
                <event-block sid="905469508135147">
                    <conditions>
                        <condition id="6" name="On object clicked" sid="901056917977230" type="Mouse">
                            <param id="0" name="Mouse button">0</param>
                            <param id="1" name="Click type">0</param>
                            <param id="2" name="Object clicked">backOptions</param>
                        </condition>
                        <condition id="-14" name="Compare variable" sid="391649901167839" type="System">
                            <param id="0" name="Variable">opt</param>
                            <param id="1" name="Comparison">0</param>
                            <param id="2" name="Value">1</param>
                        </condition>
                    </conditions>
                    <actions>
                        <action id="-9" name="Set value" sid="657511309981028" type="System">
                            <param id="0" name="Variable">opt</param>
                            <param id="1" name="Value">0</param>
                        </action>
                        <action behavior="Fade" id="2" name="Set fade-in time" sid="595293206726403" type="backOptions">
                            <param id="0" name="Fade-in time">0</param>
                        </action>
                        <action behavior="Fade" id="4" name="Set fade-out time" sid="639972865709734" type="backOptions">
                            <param id="0" name="Fade-out time">1</param>
                        </action>
                        <action behavior="Fade" id="0" name="Restart fade" sid="165533308509291" type="backOptions" />
                        <action behavior="Fade" id="2" name="Set fade-in time" sid="826850303442179" type="optionsPopup">
                            <param id="0" name="Fade-in time">0</param>
                        </action>
                        <action behavior="Fade" id="4" name="Set fade-out time" sid="880452538018404" type="optionsPopup">
                            <param id="0" name="Fade-out time">1</param>
                        </action>
                        <action behavior="Fade" id="0" name="Restart fade" sid="792440690830733" type="optionsPopup" />
                        <action behavior="Fade" id="2" name="Set fade-in time" sid="759256560837014" type="tint">
                            <param id="0" name="Fade-in time">0</param>
                        </action>
                        <action behavior="Fade" id="4" name="Set fade-out time" sid="490112656454333" type="tint">
                            <param id="0" name="Fade-out time">1</param>
                        </action>
                        <action behavior="Fade" id="0" name="Restart fade" sid="818128004967086" type="tint" />
                        <action behavior="Fade" id="2" name="Set fade-in time" sid="561540831684905" type="bgmBox">
                            <param id="0" name="Fade-in time">0</param>
                        </action>
                        <action behavior="Fade" id="4" name="Set fade-out time" sid="630231693341334" type="bgmBox">
                            <param id="0" name="Fade-out time">1</param>
                        </action>
                        <action behavior="Fade" id="0" name="Restart fade" sid="273663034111842" type="bgmBox" />
                        <action behavior="Fade" id="2" name="Set fade-in time" sid="963801766162169" type="BGM">
                            <param id="0" name="Fade-in time">0</param>
                        </action>
                        <action behavior="Fade" id="4" name="Set fade-out time" sid="637086686077369" type="BGM">
                            <param id="0" name="Fade-out time">1</param>
                        </action>
                        <action behavior="Fade" id="0" name="Restart fade" sid="155744185211534" type="BGM" />
                        <action behavior="Fade" id="2" name="Set fade-in time" sid="800266396934845" type="SFX">
                            <param id="0" name="Fade-in time">0</param>
                        </action>
                        <action behavior="Fade" id="4" name="Set fade-out time" sid="545419396822488" type="SFX">
                            <param id="0" name="Fade-out time">1</param>
                        </action>
                        <action behavior="Fade" id="0" name="Restart fade" sid="364883106154988" type="SFX" />
                        <action behavior="Fade" id="2" name="Set fade-in time" sid="441017394821699" type="sfxBox">
                            <param id="0" name="Fade-in time">0</param>
                        </action>
                        <action behavior="Fade" id="4" name="Set fade-out time" sid="988731527908165" type="sfxBox">
                            <param id="0" name="Fade-out time">1</param>
                        </action>
                        <action behavior="Fade" id="0" name="Restart fade" sid="293691777001710" type="sfxBox" />
                    </actions>
                </event-block>
            </sub-events>
        </event-group>
        <event-group description="" sid="119569624650969" title="BGM SFX">
            <sub-events>
                <event-block sid="790868666294350">
                    <conditions>
                        <condition id="6" name="On object clicked" sid="373661073766894" type="Mouse">
                            <param id="0" name="Mouse button">0</param>
                            <param id="1" name="Click type">0</param>
                            <param id="2" name="Object clicked">bgmBox</param>
                        </condition>
                        <condition id="-14" name="Compare variable" sid="614035294177842" type="System">
                            <param id="0" name="Variable">opt</param>
                            <param id="1" name="Comparison">0</param>
                            <param id="2" name="Value">1</param>
                        </condition>
                    </conditions>
                    <actions>
                        <action id="-10" name="Add to" sid="776132289556206" type="System">
                            <param id="0" name="Variable">toggleBGM</param>
                            <param id="1" name="Value">1</param>
                        </action>
                    </actions>
                </event-block>
                <event-block sid="652596035697129">
                    <conditions>
                        <condition id="-14" name="Compare variable" sid="950213804999073" type="System">
                            <param id="0" name="Variable">toggleBGM</param>
                            <param id="1" name="Comparison">4</param>
                            <param id="2" name="Value">1</param>
                        </condition>
                    </conditions>
                    <actions>
                        <action id="-9" name="Set value" sid="686556800875634" type="System">
                            <param id="0" name="Variable">toggleBGM</param>
                            <param id="1" name="Value">0</param>
                        </action>
                    </actions>
                </event-block>
                <event-block sid="256322344266461">
                    <conditions>
                        <condition id="-14" name="Compare variable" sid="122004806820215" type="System">
                            <param id="0" name="Variable">toggleBGM</param>
                            <param id="1" name="Comparison">0</param>
                            <param id="2" name="Value">1</param>
                        </condition>
                        <condition id="-14" name="Compare variable" sid="674563271069177" type="System">
                            <param id="0" name="Variable">opt</param>
                            <param id="1" name="Comparison">0</param>
                            <param id="2" name="Value">1</param>
                        </condition>
                    </conditions>
                    <actions>
                        <action id="-15" name="Set visible" sid="203282913853004" type="bgmCek">
                            <param id="0" name="Visibility">1</param>
                        </action>
                        <action id="2" name="Set muted" sid="271321487603282" type="Audio">
                            <param id="0" name="Tag">&quot;bg&quot;</param>
                            <param id="1" name="State">1</param>
                        </action>
                    </actions>
                </event-block>
                <event-block sid="722430520387741">
                    <conditions>
                        <condition id="-14" name="Compare variable" sid="163665988315071" type="System">
                            <param id="0" name="Variable">toggleBGM</param>
                            <param id="1" name="Comparison">0</param>
                            <param id="2" name="Value">0</param>
                        </condition>
                        <condition id="-14" name="Compare variable" sid="674955887733733" type="System">
                            <param id="0" name="Variable">opt</param>
                            <param id="1" name="Comparison">0</param>
                            <param id="2" name="Value">1</param>
                        </condition>
                    </conditions>
                    <actions>
                        <action id="2" name="Set muted" sid="745348061741864" type="Audio">
                            <param id="0" name="Tag">&quot;bg&quot;</param>
                            <param id="1" name="State">0</param>
                        </action>
                        <action id="-15" name="Set visible" sid="876907276232841" type="bgmCek">
                            <param id="0" name="Visibility">0</param>
                        </action>
                    </actions>
                </event-block>
                <event-block sid="559541272723868">
                    <conditions>
                        <condition id="6" name="On object clicked" sid="307454941718772" type="Mouse">
                            <param id="0" name="Mouse button">0</param>
                            <param id="1" name="Click type">0</param>
                            <param id="2" name="Object clicked">sfxBox</param>
                        </condition>
                        <condition id="-14" name="Compare variable" sid="391400290406868" type="System">
                            <param id="0" name="Variable">opt</param>
                            <param id="1" name="Comparison">0</param>
                            <param id="2" name="Value">1</param>
                        </condition>
                    </conditions>
                    <actions>
                        <action id="-10" name="Add to" sid="886991377027919" type="System">
                            <param id="0" name="Variable">toggleSFX</param>
                            <param id="1" name="Value">1</param>
                        </action>
                    </actions>
                </event-block>
                <event-block sid="290185975605383">
                    <conditions>
                        <condition id="-14" name="Compare variable" sid="925149421664668" type="System">
                            <param id="0" name="Variable">toggleSFX</param>
                            <param id="1" name="Comparison">4</param>
                            <param id="2" name="Value">1</param>
                        </condition>
                    </conditions>
                    <actions>
                        <action id="-9" name="Set value" sid="137366051277853" type="System">
                            <param id="0" name="Variable">toggleSFX</param>
                            <param id="1" name="Value">0</param>
                        </action>
                    </actions>
                </event-block>
                <event-block sid="718791462018419">
                    <conditions>
                        <condition id="-14" name="Compare variable" sid="123774405825593" type="System">
                            <param id="0" name="Variable">toggleSFX</param>
                            <param id="1" name="Comparison">0</param>
                            <param id="2" name="Value">1</param>
                        </condition>
                        <condition id="-14" name="Compare variable" sid="382562020928836" type="System">
                            <param id="0" name="Variable">opt</param>
                            <param id="1" name="Comparison">0</param>
                            <param id="2" name="Value">1</param>
                        </condition>
                    </conditions>
                    <actions>
                        <action id="-15" name="Set visible" sid="315853878384048" type="sfxCek">
                            <param id="0" name="Visibility">1</param>
                        </action>
                        <action id="2" name="Set muted" sid="451485559733716" type="Audio">
                            <param id="0" name="Tag">&quot;click&quot;</param>
                            <param id="1" name="State">1</param>
                        </action>
                    </actions>
                </event-block>
                <event-block sid="566540994833080">
                    <conditions>
                        <condition id="-14" name="Compare variable" sid="670065352735591" type="System">
                            <param id="0" name="Variable">toggleSFX</param>
                            <param id="1" name="Comparison">0</param>
                            <param id="2" name="Value">0</param>
                        </condition>
                        <condition id="-14" name="Compare variable" sid="876755854378939" type="System">
                            <param id="0" name="Variable">opt</param>
                            <param id="1" name="Comparison">0</param>
                            <param id="2" name="Value">1</param>
                        </condition>
                    </conditions>
                    <actions>
                        <action id="-15" name="Set visible" sid="543779008240016" type="sfxCek">
                            <param id="0" name="Visibility">0</param>
                        </action>
                        <action id="2" name="Set muted" sid="430242936810678" type="Audio">
                            <param id="0" name="Tag">&quot;click&quot;</param>
                            <param id="1" name="State">0</param>
                        </action>
                    </actions>
                </event-block>
            </sub-events>
        </event-group>
        <event-block sid="405041944932804">
            <conditions>
                <condition id="-14" name="Compare variable" sid="912880232457783" type="System">
                    <param id="0" name="Variable">opt</param>
                    <param id="1" name="Comparison">0</param>
                    <param id="2" name="Value">0</param>
                </condition>
            </conditions>
            <actions>
                <action id="-15" name="Set visible" sid="812878550980856" type="bgmCek">
                    <param id="0" name="Visibility">0</param>
                </action>
                <action id="-15" name="Set visible" sid="870006169096448" type="sfxCek">
                    <param id="0" name="Visibility">0</param>
                </action>
            </actions>
        </event-block>
        <event-block sid="489837725726160">
            <conditions>
                <condition id="-3" name="On end of layout" sid="506858065193655" type="System" />
            </conditions>
            <actions>
                <action id="6" name="Stop" sid="626988739984045" type="Audio">
                    <param id="0" name="Tag">&quot;bg&quot;</param>
                </action>
            </actions>
        </event-block>
        <event-block sid="914593178920548">
            <conditions>
                <condition id="0" name="On click" sid="844361865665335" type="Mouse">
                    <param id="0" name="Mouse button">0</param>
                    <param id="1" name="Click type">0</param>
                </condition>
                <condition id="-14" name="Compare variable" sid="946402788485588" type="System">
                    <param id="0" name="Variable">toggleSFX</param>
                    <param id="1" name="Comparison">0</param>
                    <param id="2" name="Value">1</param>
                </condition>
            </conditions>
            <actions>
                <action id="0" name="Play" sid="637585422797904" type="Audio">
                    <param id="0" name="Audio file">click</param>
                    <param id="2" name="Loop">0</param>
                    <param id="3" name="Volume">0</param>
                    <param id="1" name="Tag (optional)">&quot;click&quot;</param>
                </action>
            </actions>
        </event-block>
    </events>
</c2eventsheet>
