﻿<?xml version="1.0" encoding="utf-8" ?>
<c2eventsheet>
    <!--All the 'name' attributes are ignored by Construct 2 - they are there for readability only.-->
    <name>Event Level 2</name>
    <events>
        <event-block sid="831685803079743">
            <conditions>
                <condition id="-2" name="On start of layout" sid="259297671432808" type="System" />
            </conditions>
            <actions>
                <action id="-9" name="Set value" sid="262651146513107" type="System">
                    <param id="0" name="Variable">health</param>
                    <param id="1" name="Value">100</param>
                </action>
                <action id="-9" name="Set value" sid="838686964349470" type="System">
                    <param id="0" name="Variable">page</param>
                    <param id="1" name="Value">0</param>
                </action>
            </actions>
        </event-block>
        <event-block sid="956548985022019">
            <conditions>
                <condition id="0" name="On click" sid="264168789124448" type="Mouse">
                    <param id="0" name="Mouse button">0</param>
                    <param id="1" name="Click type">0</param>
                </condition>
                <condition id="-14" name="Compare variable" sid="155227396227146" type="System">
                    <param id="0" name="Variable">toggleSFX</param>
                    <param id="1" name="Comparison">0</param>
                    <param id="2" name="Value">1</param>
                </condition>
            </conditions>
            <actions>
                <action id="0" name="Play" sid="398478826004807" type="Audio">
                    <param id="0" name="Audio file">click</param>
                    <param id="2" name="Loop">0</param>
                    <param id="3" name="Volume">0</param>
                    <param id="1" name="Tag (optional)">&quot;click&quot;</param>
                </action>
            </actions>
        </event-block>
    </events>
</c2eventsheet>
