﻿<?xml version="1.0" encoding="utf-8" ?>
<c2eventsheet>
    <!--All the 'name' attributes are ignored by Construct 2 - they are there for readability only.-->
    <name>Event Level 1</name>
    <events>
        <variable constant="0" name="weapon" sid="636864166118815" static="0" type="number">0</variable>
        <variable constant="0" name="page" sid="402055858932696" static="0" type="number">1</variable>
        <event-block sid="395595153907597">
            <conditions>
                <condition id="-2" name="On start of layout" sid="841726302725692" type="System" />
            </conditions>
            <actions>
                <action id="-9" name="Set value" sid="580001605859431" type="System">
                    <param id="0" name="Variable">health</param>
                    <param id="1" name="Value">100</param>
                </action>
                <action behavior="Pin" id="0" name="Pin to object" sid="149690159704496" type="center1">
                    <param id="0" name="Pin to">heroHassanudinMove</param>
                    <param id="1" name="Mode">0</param>
                </action>
                <action disabled="1" id="-9" name="Set value" sid="597844132882088" type="System">
                    <param id="0" name="Variable">page</param>
                    <param id="1" name="Value">0</param>
                </action>
                <action behavior="Platform" id="0" name="Set ignoring input" sid="462918093181317" type="heroHassanudinMove">
                    <param id="0" name="Input">1</param>
                </action>
                <action behavior="Platform" id="0" name="Set ignoring input" sid="699940995914470" type="L1enemy31">
                    <param id="0" name="Input">1</param>
                </action>
                <action behavior="Platform" id="0" name="Set ignoring input" sid="337351192570673" type="L1enemy32">
                    <param id="0" name="Input">1</param>
                </action>
            </actions>
        </event-block>
        <event-block sid="233987956852607">
            <conditions>
                <condition id="0" name="On click" sid="836104352217725" type="Mouse">
                    <param id="0" name="Mouse button">0</param>
                    <param id="1" name="Click type">0</param>
                </condition>
                <condition id="-14" name="Compare variable" sid="779445108905439" type="System">
                    <param id="0" name="Variable">toggleSFX</param>
                    <param id="1" name="Comparison">0</param>
                    <param id="2" name="Value">1</param>
                </condition>
            </conditions>
            <actions>
                <action id="0" name="Play" sid="199291103402117" type="Audio">
                    <param id="0" name="Audio file">click</param>
                    <param id="2" name="Loop">0</param>
                    <param id="3" name="Volume">0</param>
                    <param id="1" name="Tag (optional)">&quot;click&quot;</param>
                </action>
            </actions>
        </event-block>
        <event-block sid="265163275909987">
            <conditions>
                <condition id="-9" name="Is visible" sid="534128735015522" type="story11" />
            </conditions>
            <actions>
                <action id="-9" name="Set value" sid="412529118610689" type="System">
                    <param id="0" name="Variable">page</param>
                    <param id="1" name="Value">1</param>
                </action>
            </actions>
        </event-block>
        <event-block sid="603575413081627">
            <conditions>
                <condition id="-14" name="Compare variable" sid="778759339247609" type="System">
                    <param id="0" name="Variable">page</param>
                    <param id="1" name="Comparison">0</param>
                    <param id="2" name="Value">1</param>
                </condition>
            </conditions>
            <actions>
                <action id="-15" name="Set visible" sid="588739326680022" type="story11">
                    <param id="0" name="Visibility">1</param>
                </action>
                <action behavior="Fade" id="1" name="Start fade" sid="627046233618549" type="story11" />
                <action id="-15" name="Set visible" sid="329074958784741" type="next1">
                    <param id="0" name="Visibility">1</param>
                </action>
                <action behavior="Fade" id="1" name="Start fade" sid="121356787087247" type="next1" />
            </actions>
        </event-block>
        <event-block sid="253633480227799">
            <conditions>
                <condition id="6" name="On object clicked" sid="434414201623639" type="Mouse">
                    <param id="0" name="Mouse button">0</param>
                    <param id="1" name="Click type">0</param>
                    <param id="2" name="Object clicked">next1</param>
                </condition>
                <condition id="-14" name="Compare variable" sid="933938761330274" type="System">
                    <param id="0" name="Variable">page</param>
                    <param id="1" name="Comparison">0</param>
                    <param id="2" name="Value">1</param>
                </condition>
            </conditions>
            <actions>
                <action behavior="Fade" id="2" name="Set fade-in time" sid="830281045540126" type="story11">
                    <param id="0" name="Fade-in time">0</param>
                </action>
                <action behavior="Fade" id="4" name="Set fade-out time" sid="761287649375510" type="story11">
                    <param id="0" name="Fade-out time">1</param>
                </action>
                <action behavior="Fade" id="0" name="Restart fade" sid="595102356513053" type="story11" />
                <action behavior="Fade" id="2" name="Set fade-in time" sid="458644447984575" type="next1">
                    <param id="0" name="Fade-in time">0</param>
                </action>
                <action behavior="Fade" id="4" name="Set fade-out time" sid="760412690432873" type="next1">
                    <param id="0" name="Fade-out time">1</param>
                </action>
                <action behavior="Fade" id="0" name="Restart fade" sid="775872120024364" type="next1" />
                <action id="-15" name="Set visible" sid="562090291475402" type="story12">
                    <param id="0" name="Visibility">1</param>
                </action>
                <action behavior="Fade" id="1" name="Start fade" sid="259815026592724" type="story12" />
                <action id="-15" name="Set visible" sid="229931767977354" type="play1">
                    <param id="0" name="Visibility">1</param>
                </action>
                <action behavior="Fade" id="1" name="Start fade" sid="808840668440991" type="play1" />
            </actions>
        </event-block>
        <event-block sid="533599701829764">
            <conditions>
                <condition id="-9" name="Is visible" sid="141975047685983" type="story12" />
            </conditions>
            <actions>
                <action id="-9" name="Set value" sid="144571267145352" type="System">
                    <param id="0" name="Variable">page</param>
                    <param id="1" name="Value">2</param>
                </action>
                <action id="-15" name="Set visible" sid="268403988308152" type="story11">
                    <param id="0" name="Visibility">0</param>
                </action>
            </actions>
        </event-block>
        <event-block sid="704383097724702">
            <conditions>
                <condition id="6" name="On object clicked" sid="826494759758405" type="Mouse">
                    <param id="0" name="Mouse button">0</param>
                    <param id="1" name="Click type">0</param>
                    <param id="2" name="Object clicked">play1</param>
                </condition>
                <condition id="-14" name="Compare variable" sid="263733526455869" type="System">
                    <param id="0" name="Variable">page</param>
                    <param id="1" name="Comparison">0</param>
                    <param id="2" name="Value">2</param>
                </condition>
            </conditions>
            <actions>
                <action behavior="Fade" id="2" name="Set fade-in time" sid="975212899006848" type="story12">
                    <param id="0" name="Fade-in time">0</param>
                </action>
                <action behavior="Fade" id="4" name="Set fade-out time" sid="125250530761256" type="story12">
                    <param id="0" name="Fade-out time">1</param>
                </action>
                <action behavior="Fade" id="0" name="Restart fade" sid="652390558011546" type="story12" />
                <action behavior="Fade" id="2" name="Set fade-in time" sid="789867056679270" type="play1">
                    <param id="0" name="Fade-in time">0</param>
                </action>
                <action behavior="Fade" id="4" name="Set fade-out time" sid="301800243814673" type="play1">
                    <param id="0" name="Fade-out time">1</param>
                </action>
                <action behavior="Fade" id="0" name="Restart fade" sid="828427040294112" type="play1" />
                <action id="-15" name="Set visible" sid="306126607943257" type="controls">
                    <param id="0" name="Visibility">1</param>
                </action>
                <action behavior="Fade" id="1" name="Start fade" sid="847128157303535" type="controls" />
            </actions>
        </event-block>
        <event-block sid="169060503934552">
            <conditions>
                <condition id="-9" name="Is visible" sid="694741796482227" type="controls" />
            </conditions>
            <actions>
                <action id="-9" name="Set value" sid="783077040733445" type="System">
                    <param id="0" name="Variable">page</param>
                    <param id="1" name="Value">3</param>
                </action>
                <action id="-15" name="Set visible" sid="150496173613068" type="story12">
                    <param id="0" name="Visibility">0</param>
                </action>
            </actions>
        </event-block>
        <event-block sid="793539890464429">
            <conditions>
                <condition id="-14" name="Compare variable" sid="540157527705918" type="System">
                    <param id="0" name="Variable">page</param>
                    <param id="1" name="Comparison">0</param>
                    <param id="2" name="Value">3</param>
                </condition>
                <condition id="-6" name="Every X seconds" sid="772631497643052" type="System">
                    <param id="0" name="Interval (seconds)">1</param>
                </condition>
            </conditions>
            <actions>
                <action id="-12" name="Subtract from" sid="937994759454923" type="controls">
                    <param id="0" name="Instance variable">timer</param>
                    <param id="1" name="Value">1</param>
                </action>
            </actions>
        </event-block>
        <event-block sid="756007368176544">
            <conditions>
                <condition id="-14" name="Compare variable" sid="371920308558684" type="System">
                    <param id="0" name="Variable">page</param>
                    <param id="1" name="Comparison">0</param>
                    <param id="2" name="Value">3</param>
                </condition>
            </conditions>
            <actions />
            <sub-events>
                <event-block any="1" sid="308133779946990">
                    <conditions>
                        <condition id="1" name="On any click" sid="931830190112670" type="Mouse" />
                        <condition id="-7" name="Compare instance variable" sid="800565282807774" type="controls">
                            <param id="0" name="Instance variable">timer</param>
                            <param id="1" name="Comparison">0</param>
                            <param id="2" name="Value">0</param>
                        </condition>
                        <condition id="1" name="On any key pressed" sid="207399235174639" type="Keyboard" />
                    </conditions>
                    <actions>
                        <action id="-9" name="Destroy" sid="330076928310681" type="controls" />
                        <action behavior="Platform" id="0" name="Set ignoring input" sid="975165259879701" type="heroHassanudinMove">
                            <param id="0" name="Input">0</param>
                        </action>
                        <action id="-9" name="Set value" sid="356278620802356" type="System">
                            <param id="0" name="Variable">page</param>
                            <param id="1" name="Value">4</param>
                        </action>
                    </actions>
                </event-block>
            </sub-events>
        </event-block>
        <event-block sid="731864811775937">
            <conditions>
                <condition id="-19" name="On destroyed" sid="558476695702244" type="controls" />
            </conditions>
            <actions>
                <action behavior="Fade" id="1" name="Start fade" sid="190903029486339" type="L1flash" />
            </actions>
        </event-block>
        <event-group description="" sid="183038973746774" title="Hero">
            <sub-events>
                <event-group description="" sid="724852795628379" title="Alive">
                    <sub-events>
                        <event-block sid="115752134332929">
                            <conditions>
                                <condition id="-14" name="Compare variable" sid="689202030937206" type="System">
                                    <param id="0" name="Variable">health</param>
                                    <param id="1" name="Comparison">4</param>
                                    <param id="2" name="Value">0</param>
                                </condition>
                            </conditions>
                            <actions />
                            <sub-events>
                                <event-block sid="986133279688269">
                                    <conditions>
                                        <condition id="0" name="On collision with another object" sid="434796200003410" type="heroHassanudin">
                                            <param id="0" name="Object">bullets</param>
                                        </condition>
                                        <condition id="2" inverted="1" name="Is playing" sid="457575582968387" type="heroHassanudin">
                                            <param id="0" name="Animation">&quot;duck&quot;</param>
                                        </condition>
                                    </conditions>
                                    <actions>
                                        <action id="-11" name="Subtract from" sid="507743437394661" type="System">
                                            <param id="0" name="Variable">health</param>
                                            <param id="1" name="Value">1.5</param>
                                        </action>
                                        <action id="-9" name="Destroy" sid="871263734329006" type="bullets" />
                                    </actions>
                                </event-block>
                                <event-block sid="296211965649341">
                                    <conditions>
                                        <condition behavior="Platform" id="7" name="On stopped" sid="746034453918738" type="heroHassanudinMove" />
                                        <condition id="2" name="Key is down" sid="415691646499913" type="Keyboard">
                                            <param id="0" name="Key">40 (Down arrow)</param>
                                        </condition>
                                    </conditions>
                                    <actions>
                                        <action id="4" name="Set animation" sid="901436665906452" type="heroHassanudin">
                                            <param id="0" name="Animation">&quot;duck&quot;</param>
                                            <param id="1" name="From">1</param>
                                        </action>
                                    </actions>
                                </event-block>
                                <event-block sid="533743864420860">
                                    <conditions>
                                        <condition id="3" name="On key released" sid="319158834786233" type="Keyboard">
                                            <param id="0" name="Key">40 (Down arrow)</param>
                                        </condition>
                                    </conditions>
                                    <actions>
                                        <action id="4" name="Set animation" sid="480043649748507" type="heroHassanudin">
                                            <param id="0" name="Animation">&quot;Default&quot;</param>
                                            <param id="1" name="From">1</param>
                                        </action>
                                        <action behavior="Platform" id="0" name="Set ignoring input" sid="849537798089461" type="heroHassanudinMove">
                                            <param id="0" name="Input">0</param>
                                        </action>
                                    </actions>
                                </event-block>
                                <event-block sid="625340081312300">
                                    <conditions>
                                        <condition id="0" name="On key pressed" sid="100168233919278" type="Keyboard">
                                            <param id="0" name="Key">40 (Down arrow)</param>
                                        </condition>
                                        <condition behavior="Platform" id="2" name="Is on floor" sid="117513199576215" type="heroHassanudinMove" />
                                    </conditions>
                                    <actions>
                                        <action behavior="Platform" id="0" name="Set ignoring input" sid="162969287889809" type="heroHassanudinMove">
                                            <param id="0" name="Input">1</param>
                                        </action>
                                        <action id="4" name="Set animation" sid="509205104527293" type="heroHassanudin">
                                            <param id="0" name="Animation">&quot;duck&quot;</param>
                                            <param id="1" name="From">1</param>
                                        </action>
                                    </actions>
                                </event-block>
                                <event-block sid="352997847097726">
                                    <conditions>
                                        <condition id="-1" name="Every tick" sid="283772033661895" type="System" />
                                    </conditions>
                                    <actions>
                                        <action id="-4" name="Set position to another object" sid="750658669887644" type="heroHassanudin">
                                            <param id="0" name="Object">heroHassanudinMove</param>
                                            <param id="1" name="Image point (optional)">0</param>
                                        </action>
                                        <action id="-4" name="Set position to another object" sid="697142047444433" type="darah1">
                                            <param id="0" name="Object">hp1</param>
                                            <param id="1" name="Image point (optional)">0</param>
                                        </action>
                                        <action id="-5" name="Set width" sid="856986681025349" type="darah1">
                                            <param id="0" name="Width">floor(health*262/100)</param>
                                        </action>
                                    </actions>
                                    <sub-events>
                                        <event-block sid="838034186569789">
                                            <conditions>
                                                <condition id="-5" name="Compare width" sid="876994211926571" type="darah1">
                                                    <param id="0" name="Comparison">2</param>
                                                    <param id="1" name="Width">3</param>
                                                </condition>
                                            </conditions>
                                            <actions>
                                                <action id="-15" name="Set visible" sid="454032113787114" type="darah1">
                                                    <param id="0" name="Visibility">0</param>
                                                </action>
                                            </actions>
                                        </event-block>
                                    </sub-events>
                                </event-block>
                                <event-block sid="696261743963021">
                                    <conditions>
                                        <condition id="0" name="On key pressed" sid="590404132470135" type="Keyboard">
                                            <param id="0" name="Key">37 (Left arrow)</param>
                                        </condition>
                                    </conditions>
                                    <actions>
                                        <action id="7" name="Set mirrored" sid="797400759680049" type="heroHassanudin">
                                            <param id="0" name="State">0</param>
                                        </action>
                                    </actions>
                                </event-block>
                                <event-block sid="682361699712213">
                                    <conditions>
                                        <condition id="0" name="On key pressed" sid="535404691347438" type="Keyboard">
                                            <param id="0" name="Key">39 (Right arrow)</param>
                                        </condition>
                                    </conditions>
                                    <actions>
                                        <action id="7" name="Set mirrored" sid="986674207005775" type="heroHassanudin">
                                            <param id="0" name="State">1</param>
                                        </action>
                                    </actions>
                                </event-block>
                                <event-block sid="501078180499739">
                                    <conditions>
                                        <condition behavior="Platform" id="8" name="On moved" sid="253788611389043" type="heroHassanudinMove" />
                                    </conditions>
                                    <actions>
                                        <action id="4" name="Set animation" sid="945505122359411" type="heroHassanudin">
                                            <param id="0" name="Animation">&quot;run&quot;</param>
                                            <param id="1" name="From">1</param>
                                        </action>
                                    </actions>
                                </event-block>
                                <event-block sid="288643028528678">
                                    <conditions>
                                        <condition behavior="Platform" id="7" name="On stopped" sid="908843216975238" type="heroHassanudinMove" />
                                    </conditions>
                                    <actions>
                                        <action id="4" name="Set animation" sid="179578653561995" type="heroHassanudin">
                                            <param id="0" name="Animation">&quot;Default&quot;</param>
                                            <param id="1" name="From">1</param>
                                        </action>
                                    </actions>
                                </event-block>
                                <event-block sid="904739207621428">
                                    <conditions>
                                        <condition behavior="Platform" id="5" name="On jump" sid="458829500019153" type="heroHassanudinMove" />
                                    </conditions>
                                    <actions>
                                        <action id="4" name="Set animation" sid="657075273092048" type="heroHassanudin">
                                            <param id="0" name="Animation">&quot;jump&quot;</param>
                                            <param id="1" name="From">1</param>
                                        </action>
                                    </actions>
                                </event-block>
                                <event-block sid="299322241334783">
                                    <conditions>
                                        <condition behavior="Platform" id="9" name="On landed" sid="803395571661850" type="heroHassanudinMove" />
                                    </conditions>
                                    <actions />
                                    <sub-events>
                                        <event-block sid="738334243660093">
                                            <conditions>
                                                <condition behavior="Platform" id="0" name="Is moving" sid="690136308512616" type="heroHassanudinMove" />
                                            </conditions>
                                            <actions>
                                                <action id="4" name="Set animation" sid="402996547342908" type="heroHassanudin">
                                                    <param id="0" name="Animation">&quot;run&quot;</param>
                                                    <param id="1" name="From">1</param>
                                                </action>
                                            </actions>
                                        </event-block>
                                        <event-block sid="998762732660718">
                                            <conditions>
                                                <condition behavior="Platform" id="0" inverted="1" name="Is moving" sid="141080418107943" type="heroHassanudinMove" />
                                            </conditions>
                                            <actions>
                                                <action id="4" name="Set animation" sid="954730025425003" type="heroHassanudin">
                                                    <param id="0" name="Animation">&quot;Default&quot;</param>
                                                    <param id="1" name="From">1</param>
                                                </action>
                                            </actions>
                                        </event-block>
                                    </sub-events>
                                </event-block>
                                <event-block sid="821601819410929">
                                    <conditions>
                                        <condition id="2" name="Key is down" sid="838867402439699" type="Keyboard">
                                            <param id="0" name="Key">32 (Space)</param>
                                        </condition>
                                        <condition id="2" inverted="1" name="Key is down" sid="860783980166027" type="Keyboard">
                                            <param id="0" name="Key">40 (Down arrow)</param>
                                        </condition>
                                        <condition id="-14" name="Compare variable" sid="412450056588857" type="System">
                                            <param id="0" name="Variable">weapon</param>
                                            <param id="1" name="Comparison">0</param>
                                            <param id="2" name="Value">0</param>
                                        </condition>
                                    </conditions>
                                    <actions>
                                        <action id="4" name="Set animation" sid="713252664471993" type="heroHassanudin">
                                            <param id="0" name="Animation">&quot;attackN&quot;</param>
                                            <param id="1" name="From">1</param>
                                        </action>
                                    </actions>
                                    <sub-events>
                                        <event-block sid="218978661902727">
                                            <conditions>
                                                <condition id="-6" name="Every X seconds" sid="151795001832301" type="System">
                                                    <param id="0" name="Interval (seconds)">0.75</param>
                                                </condition>
                                                <condition behavior="Platform" id="2" name="Is on floor" sid="954190800804874" type="heroHassanudinMove" />
                                            </conditions>
                                            <actions>
                                                <action behavior="Platform" id="1" name="Set max speed" sid="777236902751969" type="heroHassanudinMove">
                                                    <param id="0" name="Max Speed">0</param>
                                                </action>
                                            </actions>
                                            <sub-events>
                                                <event-block sid="322831379229161">
                                                    <conditions>
                                                        <condition id="1" name="Is overlapping another object" sid="640648905257005" type="heroHassanudin">
                                                            <param id="0" name="Object">L1Stop1</param>
                                                        </condition>
                                                    </conditions>
                                                    <actions>
                                                        <action id="-12" name="Subtract from" sid="957834380092988" type="L1enemy1">
                                                            <param id="0" name="Instance variable">enemy</param>
                                                            <param id="1" name="Value">15</param>
                                                        </action>
                                                    </actions>
                                                </event-block>
                                                <event-block sid="429200749865763">
                                                    <conditions>
                                                        <condition id="1" name="Is overlapping another object" sid="201790586021153" type="heroHassanudin">
                                                            <param id="0" name="Object">L1stop2</param>
                                                        </condition>
                                                    </conditions>
                                                    <actions>
                                                        <action id="-12" name="Subtract from" sid="562964887701630" type="L1enemy2">
                                                            <param id="0" name="Instance variable">enemy</param>
                                                            <param id="1" name="Value">15</param>
                                                        </action>
                                                    </actions>
                                                </event-block>
                                                <event-block sid="691785914432288">
                                                    <conditions>
                                                        <condition id="1" name="Is overlapping another object" sid="306635761025352" type="heroHassanudin">
                                                            <param id="0" name="Object">L1stop31</param>
                                                        </condition>
                                                    </conditions>
                                                    <actions />
                                                    <sub-events>
                                                        <event-block sid="895984642348713">
                                                            <conditions>
                                                                <condition id="-7" name="Compare instance variable" sid="230215608116831" type="L1enemy31">
                                                                    <param id="0" name="Instance variable">enemy1</param>
                                                                    <param id="1" name="Comparison">4</param>
                                                                    <param id="2" name="Value">0</param>
                                                                </condition>
                                                            </conditions>
                                                            <actions>
                                                                <action id="-12" name="Subtract from" sid="709964304573752" type="L1enemy31">
                                                                    <param id="0" name="Instance variable">enemy1</param>
                                                                    <param id="1" name="Value">15</param>
                                                                </action>
                                                            </actions>
                                                        </event-block>
                                                        <event-block sid="399669850061655">
                                                            <conditions>
                                                                <condition id="-22" name="Else" sid="374694728084377" type="System" />
                                                            </conditions>
                                                            <actions>
                                                                <action id="-12" name="Subtract from" sid="217532956673099" type="L1enemy32">
                                                                    <param id="0" name="Instance variable">enemy2</param>
                                                                    <param id="1" name="Value">15</param>
                                                                </action>
                                                            </actions>
                                                        </event-block>
                                                    </sub-events>
                                                </event-block>
                                            </sub-events>
                                        </event-block>
                                    </sub-events>
                                </event-block>
                                <event-block sid="949978117216397">
                                    <conditions>
                                        <condition id="3" name="On key released" sid="858248685617216" type="Keyboard">
                                            <param id="0" name="Key">32 (Space)</param>
                                        </condition>
                                        <condition id="2" inverted="1" name="Key is down" sid="514664826255527" type="Keyboard">
                                            <param id="0" name="Key">40 (Down arrow)</param>
                                        </condition>
                                    </conditions>
                                    <actions>
                                        <action behavior="Platform" id="1" name="Set max speed" sid="270331754493019" type="heroHassanudinMove">
                                            <param id="0" name="Max Speed">200</param>
                                        </action>
                                    </actions>
                                    <sub-events>
                                        <event-block sid="480118022052276">
                                            <conditions>
                                                <condition behavior="Platform" id="0" name="Is moving" sid="973556295603276" type="heroHassanudinMove" />
                                            </conditions>
                                            <actions>
                                                <action id="4" name="Set animation" sid="413455628480421" type="heroHassanudin">
                                                    <param id="0" name="Animation">&quot;run&quot;</param>
                                                    <param id="1" name="From">1</param>
                                                </action>
                                            </actions>
                                        </event-block>
                                        <event-block sid="477976110203287">
                                            <conditions>
                                                <condition behavior="Platform" id="0" inverted="1" name="Is moving" sid="228441593732886" type="heroHassanudinMove" />
                                            </conditions>
                                            <actions>
                                                <action id="4" name="Set animation" sid="809450485892037" type="heroHassanudin">
                                                    <param id="0" name="Animation">&quot;Default&quot;</param>
                                                    <param id="1" name="From">1</param>
                                                </action>
                                            </actions>
                                        </event-block>
                                    </sub-events>
                                </event-block>
                            </sub-events>
                        </event-block>
                    </sub-events>
                </event-group>
                <event-group description="" sid="825775810844477" title="Dead">
                    <sub-events>
                        <event-block sid="277279723641118">
                            <conditions>
                                <condition id="-14" name="Compare variable" sid="706039170018435" type="System">
                                    <param id="0" name="Variable">health</param>
                                    <param id="1" name="Comparison">3</param>
                                    <param id="2" name="Value">0</param>
                                </condition>
                                <condition id="-4" name="Trigger once while true" sid="423926771639567" type="System" />
                            </conditions>
                            <actions>
                                <action id="4" name="Set animation" sid="722317745971370" type="heroHassanudin">
                                    <param id="0" name="Animation">&quot;dead&quot;</param>
                                    <param id="1" name="From">1</param>
                                </action>
                                <action behavior="Platform" id="0" name="Set ignoring input" sid="817168786686445" type="heroHassanudinMove">
                                    <param id="0" name="Input">1</param>
                                </action>
                                <action id="-16" name="Wait" sid="991168139280785" type="System">
                                    <param id="0" name="Seconds">5</param>
                                </action>
                                <action behavior="Platform" id="0" name="Set ignoring input" sid="814217633250260" type="heroHassanudinMove">
                                    <param id="0" name="Input">0</param>
                                </action>
                                <action id="-2" name="Go to layout" sid="115790524894488" type="System">
                                    <param id="0" name="Layout">Home</param>
                                </action>
                                <action id="-9" name="Set value" sid="947798974234490" type="System">
                                    <param id="0" name="Variable">page</param>
                                    <param id="1" name="Value">1</param>
                                </action>
                            </actions>
                        </event-block>
                    </sub-events>
                </event-group>
            </sub-events>
        </event-group>
        <event-group description="" sid="716481648965031" title="Enemy">
            <sub-events>
                <event-group description="Health 300" sid="812233413769592" title="Boss">
                    <sub-events>
                        <event-block sid="434812812843937">
                            <conditions>
                                <condition id="1" name="Is overlapping another object" sid="276429939735281" type="heroHassanudin">
                                    <param id="0" name="Object">L1Destroy3</param>
                                </condition>
                                <condition id="-7" name="Compare instance variable" sid="819288275722409" type="L1enemy31">
                                    <param id="0" name="Instance variable">enemy1</param>
                                    <param id="1" name="Comparison">3</param>
                                    <param id="2" name="Value">0</param>
                                </condition>
                                <condition id="-7" name="Compare instance variable" sid="307918106184418" type="L1enemy32">
                                    <param id="0" name="Instance variable">enemy2</param>
                                    <param id="1" name="Comparison">3</param>
                                    <param id="2" name="Value">0</param>
                                </condition>
                            </conditions>
                            <actions>
                                <action id="4" name="Set animation" sid="502259172877811" type="L1boss">
                                    <param id="0" name="Animation">&quot;fire&quot;</param>
                                    <param id="1" name="From">1</param>
                                </action>
                            </actions>
                        </event-block>
                        <event-block sid="487488760408659">
                            <conditions>
                                <condition id="-6" name="Every X seconds" sid="671554204879652" type="System">
                                    <param id="0" name="Interval (seconds)">0.5</param>
                                </condition>
                                <condition id="2" name="Is playing" sid="794186184709851" type="L1boss">
                                    <param id="0" name="Animation">&quot;fire&quot;</param>
                                </condition>
                            </conditions>
                            <actions>
                                <action id="0" name="Spawn another object" sid="329587770793771" type="L1boss">
                                    <param id="0" name="Object">bullets</param>
                                    <param id="1" name="Layer">0</param>
                                    <param id="2" name="Image point">1</param>
                                </action>
                                <action behavior="Bullet" id="0" name="Set speed" sid="964864254969343" type="bullets">
                                    <param id="0" name="Speed">400</param>
                                </action>
                                <action behavior="Bullet" id="3" name="Set angle of motion" sid="815823163648008" type="bullets">
                                    <param id="0" name="Angle">180</param>
                                </action>
                            </actions>
                        </event-block>
                    </sub-events>
                </event-group>
                <event-group description="" sid="758385673707548" title="Enemy 1">
                    <sub-events>
                        <event-block sid="120793544508314">
                            <conditions>
                                <condition id="-1" name="Every tick" sid="145208144816939" type="System" />
                            </conditions>
                            <actions>
                                <action id="-4" name="Set position to another object" sid="397712856494215" type="L1enemy1health">
                                    <param id="0" name="Object">L1enemy1</param>
                                    <param id="1" name="Image point (optional)">&quot;health bar&quot;</param>
                                </action>
                                <action id="-5" name="Set width" sid="303793923333334" type="L1enemy1health">
                                    <param id="0" name="Width">L1enemy1.enemy</param>
                                </action>
                            </actions>
                        </event-block>
                        <event-block sid="331185827950691">
                            <conditions>
                                <condition id="1" name="Is overlapping another object" sid="827071264053512" type="heroHassanudin">
                                    <param id="0" name="Object">L1Wave1</param>
                                </condition>
                            </conditions>
                            <actions>
                                <action behavior="Platform" id="7" name="Simulate control" sid="813288992211156" type="L1enemy1">
                                    <param id="0" name="Control">0</param>
                                </action>
                                <action id="-10" name="Set value" sid="349917600345980" type="L1enemy1">
                                    <param id="0" name="Instance variable">enemy</param>
                                    <param id="1" name="Value">100</param>
                                </action>
                            </actions>
                        </event-block>
                        <event-block sid="182651766932420">
                            <conditions>
                                <condition behavior="Platform" id="8" name="On moved" sid="619533402694434" type="L1enemy1" />
                            </conditions>
                            <actions>
                                <action id="4" name="Set animation" sid="449243052977473" type="L1enemy1">
                                    <param id="0" name="Animation">&quot;move&quot;</param>
                                    <param id="1" name="From">1</param>
                                </action>
                            </actions>
                        </event-block>
                        <event-block sid="413624283387039">
                            <conditions>
                                <condition behavior="Platform" id="7" name="On stopped" sid="349483255741675" type="L1enemy1" />
                            </conditions>
                            <actions>
                                <action id="4" name="Set animation" sid="605477873438403" type="L1enemy1">
                                    <param id="0" name="Animation">&quot;fire&quot;</param>
                                    <param id="1" name="From">1</param>
                                </action>
                            </actions>
                        </event-block>
                        <event-block sid="841980003398647">
                            <conditions>
                                <condition id="-6" name="Every X seconds" sid="394556472547790" type="System">
                                    <param id="0" name="Interval (seconds)">2</param>
                                </condition>
                                <condition id="2" name="Is playing" sid="746984875102435" type="L1enemy1">
                                    <param id="0" name="Animation">&quot;fire&quot;</param>
                                </condition>
                            </conditions>
                            <actions>
                                <action id="0" name="Spawn another object" sid="301667254926978" type="L1enemy1">
                                    <param id="0" name="Object">bullets</param>
                                    <param id="1" name="Layer">0</param>
                                    <param id="2" name="Image point">1</param>
                                </action>
                                <action behavior="Bullet" id="0" name="Set speed" sid="825450272055387" type="bullets">
                                    <param id="0" name="Speed">400</param>
                                </action>
                                <action behavior="Bullet" id="3" name="Set angle of motion" sid="400913936025478" type="bullets">
                                    <param id="0" name="Angle">180</param>
                                </action>
                            </actions>
                        </event-block>
                        <event-block sid="476500431792033">
                            <conditions>
                                <condition id="-7" name="Compare instance variable" sid="435244052610888" type="L1enemy1">
                                    <param id="0" name="Instance variable">enemy</param>
                                    <param id="1" name="Comparison">3</param>
                                    <param id="2" name="Value">0</param>
                                </condition>
                                <condition id="2" name="Is playing" sid="327941093115293" type="L1enemy1">
                                    <param id="0" name="Animation">&quot;fire&quot;</param>
                                </condition>
                            </conditions>
                            <actions>
                                <action id="4" name="Set animation" sid="828233474008209" type="L1enemy1">
                                    <param id="0" name="Animation">&quot;died&quot;</param>
                                    <param id="1" name="From">1</param>
                                </action>
                                <action id="-12" name="Subtract from" sid="278838722506931" type="L1enemy1">
                                    <param id="0" name="Instance variable">enemy</param>
                                    <param id="1" name="Value">1</param>
                                </action>
                                <action id="-9" name="Destroy" sid="510593306106638" type="L1enemy1health" />
                                <action id="-9" name="Destroy" sid="761641543387860" type="bullets" />
                            </actions>
                        </event-block>
                        <event-block sid="785214387631620">
                            <conditions>
                                <condition id="1" name="Is overlapping another object" sid="782634159216243" type="L1enemy1">
                                    <param id="0" name="Object">L1enemy1melee</param>
                                </condition>
                            </conditions>
                            <actions>
                                <action behavior="Platform" id="1" name="Set max speed" sid="786716600792301" type="L1enemy1">
                                    <param id="0" name="Max Speed">0</param>
                                </action>
                            </actions>
                        </event-block>
                        <event-block sid="450688199243410">
                            <conditions>
                                <condition id="1" name="Is overlapping another object" sid="858867562523580" type="heroHassanudin">
                                    <param id="0" name="Object">L1Destroy1</param>
                                </condition>
                                <condition id="-7" name="Compare instance variable" sid="365444942626531" type="L1enemy1">
                                    <param id="0" name="Instance variable">enemy</param>
                                    <param id="1" name="Comparison">3</param>
                                    <param id="2" name="Value">0</param>
                                </condition>
                            </conditions>
                            <actions>
                                <action id="-9" name="Destroy" sid="324886860056091" type="L1enemy1" />
                            </actions>
                        </event-block>
                        <event-block sid="957150954176361">
                            <conditions>
                                <condition id="-8" name="Compare two values" sid="613357404658516" type="System">
                                    <param id="0" name="First value">angle(L1enemy1.X,L1enemy1.Y,heroHassanudin.X,heroHassanudin.Y)</param>
                                    <param id="1" name="Comparison">5</param>
                                    <param id="2" name="Second value">0</param>
                                </condition>
                                <condition id="-8" name="Compare two values" sid="434350715129700" type="System">
                                    <param id="0" name="First value">angle(L1enemy1.X,L1enemy1.Y,heroHassanudin.X,heroHassanudin.Y)</param>
                                    <param id="1" name="Comparison">2</param>
                                    <param id="2" name="Second value">90</param>
                                </condition>
                                <condition id="-7" name="Compare instance variable" sid="559367756470906" type="L1enemy1">
                                    <param id="0" name="Instance variable">enemy</param>
                                    <param id="1" name="Comparison">4</param>
                                    <param id="2" name="Value">0</param>
                                </condition>
                            </conditions>
                            <actions>
                                <action id="7" name="Set mirrored" sid="425121830073820" type="L1enemy1">
                                    <param id="0" name="State">0</param>
                                </action>
                                <action id="-4" name="Set position to another object" sid="963964264824049" type="L1enemy1">
                                    <param id="0" name="Object">L1enemy1melee</param>
                                    <param id="1" name="Image point (optional)">2</param>
                                </action>
                                <action behavior="Bullet" id="3" name="Set angle of motion" sid="631345052986426" type="bullets">
                                    <param id="0" name="Angle">0</param>
                                </action>
                            </actions>
                        </event-block>
                        <event-block sid="587981243177784">
                            <conditions>
                                <condition id="-8" name="Compare two values" sid="661829643574035" type="System">
                                    <param id="0" name="First value">angle(L1enemy1.X,L1enemy1.Y,heroHassanudin.X,heroHassanudin.Y)</param>
                                    <param id="1" name="Comparison">4</param>
                                    <param id="2" name="Second value">90</param>
                                </condition>
                                <condition id="-8" name="Compare two values" sid="743560775461334" type="System">
                                    <param id="0" name="First value">angle(L1enemy1.X,L1enemy1.Y,heroHassanudin.X,heroHassanudin.Y)</param>
                                    <param id="1" name="Comparison">3</param>
                                    <param id="2" name="Second value">180</param>
                                </condition>
                                <condition id="-7" name="Compare instance variable" sid="588492828426420" type="L1enemy1">
                                    <param id="0" name="Instance variable">enemy</param>
                                    <param id="1" name="Comparison">4</param>
                                    <param id="2" name="Value">0</param>
                                </condition>
                            </conditions>
                            <actions>
                                <action id="7" name="Set mirrored" sid="594375204376873" type="L1enemy1">
                                    <param id="0" name="State">1</param>
                                </action>
                                <action behavior="Bullet" id="3" name="Set angle of motion" sid="984747713555775" type="bullets">
                                    <param id="0" name="Angle">180</param>
                                </action>
                            </actions>
                        </event-block>
                    </sub-events>
                </event-group>
                <event-group description="" sid="512313897591324" title="Enemy 2">
                    <sub-events>
                        <event-block sid="798855679204296">
                            <conditions>
                                <condition id="-1" name="Every tick" sid="637312943903206" type="System" />
                            </conditions>
                            <actions>
                                <action id="-4" name="Set position to another object" sid="940784035184822" type="L1enemy2health">
                                    <param id="0" name="Object">L1enemy2</param>
                                    <param id="1" name="Image point (optional)">&quot;health bar&quot;</param>
                                </action>
                                <action id="-5" name="Set width" sid="516505821155570" type="L1enemy2health">
                                    <param id="0" name="Width">L1enemy2.enemy</param>
                                </action>
                            </actions>
                        </event-block>
                        <event-block sid="693846905669726">
                            <conditions>
                                <condition id="1" name="Is overlapping another object" sid="399201113247919" type="heroHassanudin">
                                    <param id="0" name="Object">L1wave2</param>
                                </condition>
                            </conditions>
                            <actions>
                                <action behavior="Platform" id="7" name="Simulate control" sid="415186194485288" type="L1enemy2">
                                    <param id="0" name="Control">0</param>
                                </action>
                                <action id="-10" name="Set value" sid="896080213381945" type="L1enemy2">
                                    <param id="0" name="Instance variable">enemy</param>
                                    <param id="1" name="Value">100</param>
                                </action>
                            </actions>
                        </event-block>
                        <event-block sid="520280558642984">
                            <conditions>
                                <condition behavior="Platform" id="8" name="On moved" sid="324255461924021" type="L1enemy2" />
                            </conditions>
                            <actions>
                                <action id="4" name="Set animation" sid="758661891734787" type="L1enemy2">
                                    <param id="0" name="Animation">&quot;move&quot;</param>
                                    <param id="1" name="From">1</param>
                                </action>
                            </actions>
                        </event-block>
                        <event-block sid="779663229663676">
                            <conditions>
                                <condition behavior="Platform" id="7" name="On stopped" sid="868171938941526" type="L1enemy2" />
                            </conditions>
                            <actions>
                                <action id="4" name="Set animation" sid="746945397130802" type="L1enemy2">
                                    <param id="0" name="Animation">&quot;fire&quot;</param>
                                    <param id="1" name="From">1</param>
                                </action>
                            </actions>
                        </event-block>
                        <event-block sid="362114206833654">
                            <conditions>
                                <condition id="-6" name="Every X seconds" sid="131855827342166" type="System">
                                    <param id="0" name="Interval (seconds)">2</param>
                                </condition>
                                <condition id="2" name="Is playing" sid="736144484806137" type="L1enemy2">
                                    <param id="0" name="Animation">&quot;fire&quot;</param>
                                </condition>
                            </conditions>
                            <actions>
                                <action id="0" name="Spawn another object" sid="780853040093635" type="L1enemy2">
                                    <param id="0" name="Object">bullets</param>
                                    <param id="1" name="Layer">0</param>
                                    <param id="2" name="Image point">1</param>
                                </action>
                                <action behavior="Bullet" id="0" name="Set speed" sid="578523845593646" type="bullets">
                                    <param id="0" name="Speed">400</param>
                                </action>
                                <action behavior="Bullet" id="3" name="Set angle of motion" sid="331447986731944" type="bullets">
                                    <param id="0" name="Angle">180</param>
                                </action>
                            </actions>
                        </event-block>
                        <event-block sid="288672740195721">
                            <conditions>
                                <condition id="-7" name="Compare instance variable" sid="974510251052057" type="L1enemy2">
                                    <param id="0" name="Instance variable">enemy</param>
                                    <param id="1" name="Comparison">3</param>
                                    <param id="2" name="Value">0</param>
                                </condition>
                                <condition id="2" name="Is playing" sid="649276230415263" type="L1enemy2">
                                    <param id="0" name="Animation">&quot;fire&quot;</param>
                                </condition>
                            </conditions>
                            <actions>
                                <action id="4" name="Set animation" sid="465357701368250" type="L1enemy2">
                                    <param id="0" name="Animation">&quot;died&quot;</param>
                                    <param id="1" name="From">1</param>
                                </action>
                                <action id="-12" name="Subtract from" sid="596038284032107" type="L1enemy2">
                                    <param id="0" name="Instance variable">enemy</param>
                                    <param id="1" name="Value">1</param>
                                </action>
                                <action id="-9" name="Destroy" sid="223381452379857" type="L1enemy2health" />
                                <action id="-9" name="Destroy" sid="196852324344434" type="bullets" />
                            </actions>
                        </event-block>
                        <event-block sid="339789196788071">
                            <conditions>
                                <condition id="1" name="Is overlapping another object" sid="470833790494539" type="L1enemy2">
                                    <param id="0" name="Object">L1enemy2melee</param>
                                </condition>
                            </conditions>
                            <actions>
                                <action behavior="Platform" id="1" name="Set max speed" sid="210536767312441" type="L1enemy2">
                                    <param id="0" name="Max Speed">0</param>
                                </action>
                            </actions>
                        </event-block>
                        <event-block sid="514788341436300">
                            <conditions>
                                <condition id="1" name="Is overlapping another object" sid="422750143111121" type="heroHassanudin">
                                    <param id="0" name="Object">L1Destroy2</param>
                                </condition>
                                <condition id="-7" name="Compare instance variable" sid="549616338555015" type="L1enemy2">
                                    <param id="0" name="Instance variable">enemy</param>
                                    <param id="1" name="Comparison">3</param>
                                    <param id="2" name="Value">0</param>
                                </condition>
                            </conditions>
                            <actions>
                                <action id="-9" name="Destroy" sid="401786130853212" type="L1enemy2" />
                            </actions>
                        </event-block>
                        <event-block sid="729985695874109">
                            <conditions>
                                <condition id="-8" name="Compare two values" sid="900603411331909" type="System">
                                    <param id="0" name="First value">angle(L1enemy2.X,L1enemy2.Y,heroHassanudin.X,heroHassanudin.Y)</param>
                                    <param id="1" name="Comparison">5</param>
                                    <param id="2" name="Second value">0</param>
                                </condition>
                                <condition id="-8" name="Compare two values" sid="526167266002957" type="System">
                                    <param id="0" name="First value">angle(L1enemy2.X,L1enemy2.Y,heroHassanudin.X,heroHassanudin.Y)</param>
                                    <param id="1" name="Comparison">2</param>
                                    <param id="2" name="Second value">90</param>
                                </condition>
                                <condition id="-7" name="Compare instance variable" sid="955404157651604" type="L1enemy2">
                                    <param id="0" name="Instance variable">enemy</param>
                                    <param id="1" name="Comparison">4</param>
                                    <param id="2" name="Value">0</param>
                                </condition>
                            </conditions>
                            <actions>
                                <action id="7" name="Set mirrored" sid="120201936112319" type="L1enemy2">
                                    <param id="0" name="State">0</param>
                                </action>
                                <action id="-4" name="Set position to another object" sid="803973851167432" type="L1enemy2">
                                    <param id="0" name="Object">L1enemy2melee</param>
                                    <param id="1" name="Image point (optional)">2</param>
                                </action>
                                <action behavior="Bullet" id="3" name="Set angle of motion" sid="242953670576665" type="bullets">
                                    <param id="0" name="Angle">0</param>
                                </action>
                            </actions>
                        </event-block>
                        <event-block sid="979333112233875">
                            <conditions>
                                <condition id="-8" name="Compare two values" sid="353502438580976" type="System">
                                    <param id="0" name="First value">angle(L1enemy2.X,L1enemy2.Y,heroHassanudin.X,heroHassanudin.Y)</param>
                                    <param id="1" name="Comparison">4</param>
                                    <param id="2" name="Second value">90</param>
                                </condition>
                                <condition id="-8" name="Compare two values" sid="987089096483247" type="System">
                                    <param id="0" name="First value">angle(L1enemy2.X,L1enemy2.Y,heroHassanudin.X,heroHassanudin.Y)</param>
                                    <param id="1" name="Comparison">3</param>
                                    <param id="2" name="Second value">180</param>
                                </condition>
                                <condition id="-7" name="Compare instance variable" sid="301939951250099" type="L1enemy2">
                                    <param id="0" name="Instance variable">enemy</param>
                                    <param id="1" name="Comparison">4</param>
                                    <param id="2" name="Value">0</param>
                                </condition>
                            </conditions>
                            <actions>
                                <action id="7" name="Set mirrored" sid="643638484873146" type="L1enemy2">
                                    <param id="0" name="State">1</param>
                                </action>
                                <action behavior="Bullet" id="3" name="Set angle of motion" sid="357499834698174" type="bullets">
                                    <param id="0" name="Angle">180</param>
                                </action>
                            </actions>
                        </event-block>
                    </sub-events>
                </event-group>
                <event-group description="2 enemies" sid="639672254807427" title="Enemy 3">
                    <sub-events>
                        <event-block sid="964793837557409">
                            <conditions>
                                <condition id="-1" name="Every tick" sid="747739268586681" type="System" />
                            </conditions>
                            <actions>
                                <action id="-4" name="Set position to another object" sid="773983794422593" type="L1enemy31health">
                                    <param id="0" name="Object">L1enemy31</param>
                                    <param id="1" name="Image point (optional)">&quot;health bar&quot;</param>
                                </action>
                                <action id="-4" name="Set position to another object" sid="734620291608902" type="L1enemy32health">
                                    <param id="0" name="Object">L1enemy32</param>
                                    <param id="1" name="Image point (optional)">&quot;health bar&quot;</param>
                                </action>
                                <action id="-5" name="Set width" sid="740859457098487" type="L1enemy31health">
                                    <param id="0" name="Width">L1enemy31.enemy1</param>
                                </action>
                                <action id="-5" name="Set width" sid="601665747253224" type="L1enemy32health">
                                    <param id="0" name="Width">L1enemy32.enemy2</param>
                                </action>
                            </actions>
                        </event-block>
                        <event-block sid="596558842078903">
                            <conditions>
                                <condition id="-19" name="On destroyed" sid="113730520949545" type="L1enemy2" />
                            </conditions>
                            <actions>
                                <action id="4" name="Set animation" sid="815986881377879" type="L1enemy31">
                                    <param id="0" name="Animation">&quot;fire&quot;</param>
                                    <param id="1" name="From">1</param>
                                </action>
                                <action id="-10" name="Set value" sid="487730901291535" type="L1enemy31">
                                    <param id="0" name="Instance variable">enemy1</param>
                                    <param id="1" name="Value">100</param>
                                </action>
                                <action id="4" name="Set animation" sid="314789402269298" type="L1enemy32">
                                    <param id="0" name="Animation">&quot;fire&quot;</param>
                                    <param id="1" name="From">1</param>
                                </action>
                                <action id="-10" name="Set value" sid="764439403735806" type="L1enemy32">
                                    <param id="0" name="Instance variable">enemy2</param>
                                    <param id="1" name="Value">100</param>
                                </action>
                            </actions>
                        </event-block>
                        <event-block sid="699511807817453">
                            <conditions>
                                <condition id="-6" name="Every X seconds" sid="923584556956011" type="System">
                                    <param id="0" name="Interval (seconds)">2</param>
                                </condition>
                            </conditions>
                            <actions />
                            <sub-events>
                                <event-block sid="628940528707684">
                                    <conditions>
                                        <condition id="2" name="Is playing" sid="941737337977765" type="L1enemy31">
                                            <param id="0" name="Animation">&quot;fire&quot;</param>
                                        </condition>
                                    </conditions>
                                    <actions>
                                        <action id="0" name="Spawn another object" sid="826389025323794" type="L1enemy31">
                                            <param id="0" name="Object">bullets</param>
                                            <param id="1" name="Layer">0</param>
                                            <param id="2" name="Image point">1</param>
                                        </action>
                                        <action behavior="Bullet" id="0" name="Set speed" sid="904931783546282" type="bullets">
                                            <param id="0" name="Speed">400</param>
                                        </action>
                                        <action behavior="Bullet" id="3" name="Set angle of motion" sid="876977057635550" type="bullets">
                                            <param id="0" name="Angle">180</param>
                                        </action>
                                    </actions>
                                </event-block>
                                <event-block sid="785827533922539">
                                    <conditions>
                                        <condition id="2" name="Is playing" sid="944380359379720" type="L1enemy32">
                                            <param id="0" name="Animation">&quot;fire&quot;</param>
                                        </condition>
                                    </conditions>
                                    <actions>
                                        <action id="0" name="Spawn another object" sid="433735918486836" type="L1enemy32">
                                            <param id="0" name="Object">bullets</param>
                                            <param id="1" name="Layer">0</param>
                                            <param id="2" name="Image point">1</param>
                                        </action>
                                        <action behavior="Bullet" id="0" name="Set speed" sid="605911686561116" type="bullets">
                                            <param id="0" name="Speed">400</param>
                                        </action>
                                        <action behavior="Bullet" id="3" name="Set angle of motion" sid="408181812320388" type="bullets">
                                            <param id="0" name="Angle">180</param>
                                        </action>
                                    </actions>
                                </event-block>
                            </sub-events>
                        </event-block>
                        <event-block sid="382142578054165">
                            <conditions>
                                <condition id="-7" name="Compare instance variable" sid="939301322856446" type="L1enemy31">
                                    <param id="0" name="Instance variable">enemy1</param>
                                    <param id="1" name="Comparison">3</param>
                                    <param id="2" name="Value">0</param>
                                </condition>
                                <condition id="2" name="Is playing" sid="817469440247492" type="L1enemy31">
                                    <param id="0" name="Animation">&quot;fire&quot;</param>
                                </condition>
                            </conditions>
                            <actions>
                                <action id="4" name="Set animation" sid="257993229213273" type="L1enemy31">
                                    <param id="0" name="Animation">&quot;died&quot;</param>
                                    <param id="1" name="From">1</param>
                                </action>
                                <action id="-12" name="Subtract from" sid="646363965449654" type="L1enemy31">
                                    <param id="0" name="Instance variable">enemy1</param>
                                    <param id="1" name="Value">1</param>
                                </action>
                                <action id="-9" name="Destroy" sid="855183020677448" type="L1enemy31health" />
                            </actions>
                        </event-block>
                        <event-block sid="923006114705714">
                            <conditions>
                                <condition id="-7" name="Compare instance variable" sid="223049594079142" type="L1enemy32">
                                    <param id="0" name="Instance variable">enemy2</param>
                                    <param id="1" name="Comparison">3</param>
                                    <param id="2" name="Value">0</param>
                                </condition>
                                <condition id="2" name="Is playing" sid="295161682906434" type="L1enemy32">
                                    <param id="0" name="Animation">&quot;fire&quot;</param>
                                </condition>
                            </conditions>
                            <actions>
                                <action id="4" name="Set animation" sid="779693016401746" type="L1enemy32">
                                    <param id="0" name="Animation">&quot;died&quot;</param>
                                    <param id="1" name="From">1</param>
                                </action>
                                <action id="-12" name="Subtract from" sid="314644115732973" type="L1enemy32">
                                    <param id="0" name="Instance variable">enemy2</param>
                                    <param id="1" name="Value">1</param>
                                </action>
                                <action id="-9" name="Destroy" sid="329292551075393" type="L1enemy32health" />
                                <action id="-9" name="Destroy" sid="511231305465658" type="bullets" />
                            </actions>
                        </event-block>
                        <event-block sid="547139570299142">
                            <conditions>
                                <condition id="-8" name="Compare two values" sid="788190271571925" type="System">
                                    <param id="0" name="First value">angle(L1enemy32.X,L1enemy32.Y,heroHassanudin.X,heroHassanudin.Y)</param>
                                    <param id="1" name="Comparison">5</param>
                                    <param id="2" name="Second value">0</param>
                                </condition>
                                <condition id="-8" name="Compare two values" sid="877910926347327" type="System">
                                    <param id="0" name="First value">angle(L1enemy32.X,L1enemy32.Y,heroHassanudin.X,heroHassanudin.Y)</param>
                                    <param id="1" name="Comparison">2</param>
                                    <param id="2" name="Second value">90</param>
                                </condition>
                            </conditions>
                            <actions />
                            <sub-events>
                                <event-block sid="119797857128860">
                                    <conditions>
                                        <condition id="-7" name="Compare instance variable" sid="891531647598318" type="L1enemy31">
                                            <param id="0" name="Instance variable">enemy1</param>
                                            <param id="1" name="Comparison">4</param>
                                            <param id="2" name="Value">0</param>
                                        </condition>
                                    </conditions>
                                    <actions>
                                        <action id="7" name="Set mirrored" sid="701095290021670" type="L1enemy31">
                                            <param id="0" name="State">0</param>
                                        </action>
                                        <action id="-4" name="Set position to another object" sid="956747308196587" type="L1enemy31">
                                            <param id="0" name="Object">L1enemy31melee</param>
                                            <param id="1" name="Image point (optional)">2</param>
                                        </action>
                                        <action behavior="Bullet" id="3" name="Set angle of motion" sid="755905782476314" type="bullets">
                                            <param id="0" name="Angle">0</param>
                                        </action>
                                    </actions>
                                </event-block>
                                <event-block sid="485273454792485">
                                    <conditions>
                                        <condition id="-7" name="Compare instance variable" sid="315844971760850" type="L1enemy32">
                                            <param id="0" name="Instance variable">enemy2</param>
                                            <param id="1" name="Comparison">4</param>
                                            <param id="2" name="Value">0</param>
                                        </condition>
                                    </conditions>
                                    <actions>
                                        <action id="7" name="Set mirrored" sid="117754590429355" type="L1enemy32">
                                            <param id="0" name="State">0</param>
                                        </action>
                                        <action id="-4" name="Set position to another object" sid="760454012168276" type="L1enemy32">
                                            <param id="0" name="Object">L1enemy32melee</param>
                                            <param id="1" name="Image point (optional)">2</param>
                                        </action>
                                        <action behavior="Bullet" id="3" name="Set angle of motion" sid="418712416269123" type="bullets">
                                            <param id="0" name="Angle">0</param>
                                        </action>
                                    </actions>
                                </event-block>
                            </sub-events>
                        </event-block>
                        <event-block sid="662169659587568">
                            <conditions>
                                <condition id="-8" name="Compare two values" sid="856307361278273" type="System">
                                    <param id="0" name="First value">angle(L1enemy31.X,L1enemy31.Y,heroHassanudin.X,heroHassanudin.Y)</param>
                                    <param id="1" name="Comparison">4</param>
                                    <param id="2" name="Second value">90</param>
                                </condition>
                                <condition id="-8" name="Compare two values" sid="455711090785156" type="System">
                                    <param id="0" name="First value">angle(L1enemy31.X,L1enemy31.Y,heroHassanudin.X,heroHassanudin.Y)</param>
                                    <param id="1" name="Comparison">3</param>
                                    <param id="2" name="Second value">180</param>
                                </condition>
                            </conditions>
                            <actions>
                                <action behavior="Bullet" id="3" name="Set angle of motion" sid="966154238520648" type="bullets">
                                    <param id="0" name="Angle">180</param>
                                </action>
                            </actions>
                            <sub-events>
                                <event-block sid="529200102040157">
                                    <conditions>
                                        <condition id="-7" name="Compare instance variable" sid="549823339418758" type="L1enemy31">
                                            <param id="0" name="Instance variable">enemy1</param>
                                            <param id="1" name="Comparison">5</param>
                                            <param id="2" name="Value">0</param>
                                        </condition>
                                    </conditions>
                                    <actions>
                                        <action id="7" name="Set mirrored" sid="574694363496311" type="L1enemy31">
                                            <param id="0" name="State">1</param>
                                        </action>
                                    </actions>
                                </event-block>
                                <event-block sid="997635721266744">
                                    <conditions>
                                        <condition id="-7" name="Compare instance variable" sid="542616823046791" type="L1enemy32">
                                            <param id="0" name="Instance variable">enemy2</param>
                                            <param id="1" name="Comparison">4</param>
                                            <param id="2" name="Value">0</param>
                                        </condition>
                                    </conditions>
                                    <actions>
                                        <action id="7" name="Set mirrored" sid="735007793480108" type="L1enemy32">
                                            <param id="0" name="State">1</param>
                                        </action>
                                    </actions>
                                </event-block>
                            </sub-events>
                        </event-block>
                        <event-block sid="677432457373166">
                            <conditions>
                                <condition id="1" name="Is overlapping another object" sid="189835338798811" type="heroHassanudin">
                                    <param id="0" name="Object">L1Destroy3</param>
                                </condition>
                                <condition id="-7" name="Compare instance variable" sid="193322892403107" type="L1enemy31">
                                    <param id="0" name="Instance variable">enemy1</param>
                                    <param id="1" name="Comparison">3</param>
                                    <param id="2" name="Value">0</param>
                                </condition>
                                <condition id="-7" name="Compare instance variable" sid="542021328409579" type="L1enemy32">
                                    <param id="0" name="Instance variable">enemy2</param>
                                    <param id="1" name="Comparison">3</param>
                                    <param id="2" name="Value">0</param>
                                </condition>
                            </conditions>
                            <actions>
                                <action id="-9" name="Destroy" sid="816395161439731" type="L1enemy31" />
                                <action id="-9" name="Destroy" sid="434478091550027" type="L1enemy32" />
                            </actions>
                        </event-block>
                    </sub-events>
                </event-group>
            </sub-events>
        </event-group>
    </events>
</c2eventsheet>
