﻿<?xml version="1.0" encoding="utf-8" ?>
<c2eventsheet>
    <!--All the 'name' attributes are ignored by Construct 2 - they are there for readability only.-->
    <name>Event Map</name>
    <events>
        <variable constant="0" name="health" sid="910097856584714" static="0" type="number">100</variable>
        <variable constant="0" name="level" sid="191539348562829" static="0" type="number">1</variable>
        <event-block sid="678405452158005">
            <conditions>
                <condition id="-2" name="On start of layout" sid="825754070246221" type="System" />
            </conditions>
            <actions>
                <action disabled="1" id="0" name="Set item" sid="631864605760819" type="LocalStorage">
                    <param id="0" name="Key">&quot;stage&quot;</param>
                    <param id="1" name="Value">1</param>
                </action>
                <action id="1" name="Get item" sid="475038321083358" type="LocalStorage">
                    <param id="0" name="Key">&quot;stage&quot;</param>
                </action>
            </actions>
        </event-block>
        <event-block sid="475893153253965">
            <conditions>
                <condition id="1" name="On item get" sid="583375693776528" type="LocalStorage">
                    <param id="0" name="Key">&quot;stage&quot;</param>
                </condition>
            </conditions>
            <actions>
                <action id="-9" name="Set value" sid="320680971102250" type="System">
                    <param id="0" name="Variable">level</param>
                    <param id="1" name="Value">int(localstorage.itemvalue)</param>
                </action>
            </actions>
        </event-block>
        <event-block sid="490132240496914">
            <conditions>
                <condition id="0" name="On click" sid="520903284116303" type="Mouse">
                    <param id="0" name="Mouse button">0</param>
                    <param id="1" name="Click type">0</param>
                </condition>
                <condition id="-14" name="Compare variable" sid="417468564110937" type="System">
                    <param id="0" name="Variable">toggleSFX</param>
                    <param id="1" name="Comparison">0</param>
                    <param id="2" name="Value">1</param>
                </condition>
            </conditions>
            <actions>
                <action id="0" name="Play" sid="473090176782420" type="Audio">
                    <param id="0" name="Audio file">click</param>
                    <param id="2" name="Loop">0</param>
                    <param id="3" name="Volume">0</param>
                    <param id="1" name="Tag (optional)">&quot;click&quot;</param>
                </action>
            </actions>
        </event-block>
        <event-block sid="877433412396584">
            <conditions>
                <condition id="6" name="On object clicked" sid="912640061733693" type="Mouse">
                    <param id="0" name="Mouse button">0</param>
                    <param id="1" name="Click type">0</param>
                    <param id="2" name="Object clicked">backMap</param>
                </condition>
            </conditions>
            <actions>
                <action id="-2" name="Go to layout" sid="732190737621101" type="System">
                    <param id="0" name="Layout">Home</param>
                </action>
            </actions>
        </event-block>
        <event-group description="" sid="468443175399260" title="Map Conditions">
            <sub-events>
                <event-block sid="905970129043319">
                    <conditions>
                        <condition id="-14" name="Compare variable" sid="533641602886676" type="System">
                            <param id="0" name="Variable">level</param>
                            <param id="1" name="Comparison">0</param>
                            <param id="2" name="Value">1</param>
                        </condition>
                    </conditions>
                    <actions>
                        <action id="-15" name="Set visible" sid="625262741304186" type="mapL1">
                            <param id="0" name="Visibility">1</param>
                        </action>
                        <action id="-15" name="Set visible" sid="480586089121857" type="mapL2">
                            <param id="0" name="Visibility">0</param>
                        </action>
                        <action id="-15" name="Set visible" sid="165670229741125" type="mapL3">
                            <param id="0" name="Visibility">0</param>
                        </action>
                        <action id="-15" name="Set visible" sid="179339986527928" type="mapL4">
                            <param id="0" name="Visibility">0</param>
                        </action>
                        <action id="-15" name="Set visible" sid="566580227946186" type="mapL5">
                            <param id="0" name="Visibility">0</param>
                        </action>
                    </actions>
                </event-block>
                <event-block sid="136844100440154">
                    <conditions>
                        <condition id="-14" name="Compare variable" sid="820844441111402" type="System">
                            <param id="0" name="Variable">level</param>
                            <param id="1" name="Comparison">0</param>
                            <param id="2" name="Value">2</param>
                        </condition>
                    </conditions>
                    <actions>
                        <action id="-15" name="Set visible" sid="621414943110019" type="mapL1">
                            <param id="0" name="Visibility">0</param>
                        </action>
                        <action id="-15" name="Set visible" sid="556238868899100" type="mapL2">
                            <param id="0" name="Visibility">1</param>
                        </action>
                        <action id="-15" name="Set visible" sid="771609178146469" type="mapL3">
                            <param id="0" name="Visibility">0</param>
                        </action>
                        <action id="-15" name="Set visible" sid="201030151834349" type="mapL4">
                            <param id="0" name="Visibility">0</param>
                        </action>
                        <action id="-15" name="Set visible" sid="823394826601990" type="mapL5">
                            <param id="0" name="Visibility">0</param>
                        </action>
                        <action id="-15" name="Set visible" sid="746296963392631" type="benderaSulawesi">
                            <param id="0" name="Visibility">1</param>
                        </action>
                    </actions>
                </event-block>
                <event-block sid="754387123063482">
                    <conditions>
                        <condition id="-14" name="Compare variable" sid="689028375211993" type="System">
                            <param id="0" name="Variable">level</param>
                            <param id="1" name="Comparison">0</param>
                            <param id="2" name="Value">3</param>
                        </condition>
                    </conditions>
                    <actions>
                        <action id="-15" name="Set visible" sid="831024833262695" type="mapL1">
                            <param id="0" name="Visibility">0</param>
                        </action>
                        <action id="-15" name="Set visible" sid="944822717645619" type="mapL2">
                            <param id="0" name="Visibility">0</param>
                        </action>
                        <action id="-15" name="Set visible" sid="317225019867323" type="mapL3">
                            <param id="0" name="Visibility">1</param>
                        </action>
                        <action id="-15" name="Set visible" sid="566564155439991" type="mapL4">
                            <param id="0" name="Visibility">0</param>
                        </action>
                        <action id="-15" name="Set visible" sid="385976100858082" type="mapL5">
                            <param id="0" name="Visibility">0</param>
                        </action>
                        <action id="-15" name="Set visible" sid="585581859147925" type="benderaSulawesi">
                            <param id="0" name="Visibility">1</param>
                        </action>
                        <action id="-15" name="Set visible" sid="716337481913670" type="benderaBorneo">
                            <param id="0" name="Visibility">1</param>
                        </action>
                    </actions>
                </event-block>
                <event-block sid="575406288502340">
                    <conditions>
                        <condition id="-14" name="Compare variable" sid="142686900326600" type="System">
                            <param id="0" name="Variable">level</param>
                            <param id="1" name="Comparison">5</param>
                            <param id="2" name="Value">4</param>
                        </condition>
                    </conditions>
                    <actions>
                        <action id="-15" name="Set visible" sid="152347662147717" type="mapL1">
                            <param id="0" name="Visibility">0</param>
                        </action>
                        <action id="-15" name="Set visible" sid="357168548016978" type="mapL2">
                            <param id="0" name="Visibility">0</param>
                        </action>
                        <action id="-15" name="Set visible" sid="884398202651673" type="mapL3">
                            <param id="0" name="Visibility">0</param>
                        </action>
                        <action id="-15" name="Set visible" sid="922199932531213" type="mapL4">
                            <param id="0" name="Visibility">1</param>
                        </action>
                        <action id="-15" name="Set visible" sid="743298526597459" type="mapL5">
                            <param id="0" name="Visibility">0</param>
                        </action>
                        <action id="-15" name="Set visible" sid="581787301743355" type="benderaSulawesi">
                            <param id="0" name="Visibility">1</param>
                        </action>
                        <action id="-15" name="Set visible" sid="642674974314522" type="benderaBorneo">
                            <param id="0" name="Visibility">1</param>
                        </action>
                        <action id="-15" name="Set visible" sid="849478896188603" type="benderaSumatera">
                            <param id="0" name="Visibility">1</param>
                        </action>
                    </actions>
                </event-block>
                <event-block sid="830254068219512">
                    <conditions>
                        <condition id="-14" name="Compare variable" sid="257511822827090" type="System">
                            <param id="0" name="Variable">level</param>
                            <param id="1" name="Comparison">5</param>
                            <param id="2" name="Value">5</param>
                        </condition>
                    </conditions>
                    <actions>
                        <action id="-15" name="Set visible" sid="938331352166504" type="mapL5">
                            <param id="0" name="Visibility">1</param>
                        </action>
                        <action id="-15" name="Set visible" sid="269689941073393" type="benderaSulawesi">
                            <param id="0" name="Visibility">1</param>
                        </action>
                        <action id="-15" name="Set visible" sid="329311855699793" type="benderaBorneo">
                            <param id="0" name="Visibility">1</param>
                        </action>
                        <action id="-15" name="Set visible" sid="478615092726660" type="benderaSumatera">
                            <param id="0" name="Visibility">1</param>
                        </action>
                        <action id="-15" name="Set visible" sid="205945451213199" type="benderaIndonesia">
                            <param id="0" name="Visibility">1</param>
                        </action>
                    </actions>
                </event-block>
                <event-block sid="456525775831820">
                    <conditions>
                        <condition id="-14" name="Compare variable" sid="763799063791734" type="System">
                            <param id="0" name="Variable">level</param>
                            <param id="1" name="Comparison">0</param>
                            <param id="2" name="Value">6</param>
                        </condition>
                    </conditions>
                    <actions>
                        <action id="-15" name="Set visible" sid="407212623911455" type="benderaSulawesi">
                            <param id="0" name="Visibility">1</param>
                        </action>
                        <action id="-15" name="Set visible" sid="952578663399181" type="benderaBorneo">
                            <param id="0" name="Visibility">1</param>
                        </action>
                        <action id="-15" name="Set visible" sid="851253843501647" type="benderaSumatera">
                            <param id="0" name="Visibility">1</param>
                        </action>
                        <action id="-15" name="Set visible" sid="672448364517350" type="benderaIndonesia">
                            <param id="0" name="Visibility">1</param>
                        </action>
                        <action id="-15" name="Set visible" sid="921357960436152" type="benderaRengasdengklok">
                            <param id="0" name="Visibility">1</param>
                        </action>
                    </actions>
                </event-block>
            </sub-events>
        </event-group>
        <event-group description="" sid="722690010555879" title="Direct to Level">
            <sub-events>
                <event-block sid="230901343079569">
                    <conditions>
                        <condition id="6" name="On object clicked" sid="972689056639449" type="Mouse">
                            <param id="0" name="Mouse button">0</param>
                            <param id="1" name="Click type">0</param>
                            <param id="2" name="Object clicked">buttonSulawesi</param>
                        </condition>
                    </conditions>
                    <actions>
                        <action id="-2" name="Go to layout" sid="385870043751045" type="System">
                            <param id="0" name="Layout">Level 1</param>
                        </action>
                    </actions>
                </event-block>
                <event-block sid="968865264215999">
                    <conditions>
                        <condition id="6" name="On object clicked" sid="853933026585677" type="Mouse">
                            <param id="0" name="Mouse button">0</param>
                            <param id="1" name="Click type">0</param>
                            <param id="2" name="Object clicked">buttonBorneo</param>
                        </condition>
                        <condition id="7" inverted="1" name="Cursor is over object" sid="816434109911142" type="Mouse">
                            <param id="0" name="Object">buttonSulawesi</param>
                        </condition>
                        <condition id="-14" name="Compare variable" sid="787389519882480" type="System">
                            <param id="0" name="Variable">level</param>
                            <param id="1" name="Comparison">5</param>
                            <param id="2" name="Value">2</param>
                        </condition>
                    </conditions>
                    <actions>
                        <action id="-2" name="Go to layout" sid="191759919934754" type="System">
                            <param id="0" name="Layout">Level 2</param>
                        </action>
                    </actions>
                </event-block>
                <event-block sid="687192007714053">
                    <conditions>
                        <condition id="6" name="On object clicked" sid="935635143719227" type="Mouse">
                            <param id="0" name="Mouse button">0</param>
                            <param id="1" name="Click type">0</param>
                            <param id="2" name="Object clicked">buttonSumatera</param>
                        </condition>
                        <condition id="7" inverted="1" name="Cursor is over object" sid="219395253904707" type="Mouse">
                            <param id="0" name="Object">buttonSulawesi</param>
                        </condition>
                        <condition id="7" inverted="1" name="Cursor is over object" sid="975822820411420" type="Mouse">
                            <param id="0" name="Object">buttonBorneo</param>
                        </condition>
                        <condition id="-14" name="Compare variable" sid="843734007685394" type="System">
                            <param id="0" name="Variable">level</param>
                            <param id="1" name="Comparison">5</param>
                            <param id="2" name="Value">3</param>
                        </condition>
                    </conditions>
                    <actions>
                        <action id="-2" name="Go to layout" sid="849369824470995" type="System">
                            <param id="0" name="Layout">Level 3</param>
                        </action>
                    </actions>
                </event-block>
                <event-block sid="631556534626365">
                    <conditions>
                        <condition id="6" name="On object clicked" sid="833082048604463" type="Mouse">
                            <param id="0" name="Mouse button">0</param>
                            <param id="1" name="Click type">0</param>
                            <param id="2" name="Object clicked">buttonIndonesia</param>
                        </condition>
                        <condition id="7" inverted="1" name="Cursor is over object" sid="283984626632904" type="Mouse">
                            <param id="0" name="Object">buttonSulawesi</param>
                        </condition>
                        <condition id="7" inverted="1" name="Cursor is over object" sid="802194999316960" type="Mouse">
                            <param id="0" name="Object">buttonBorneo</param>
                        </condition>
                        <condition id="7" inverted="1" name="Cursor is over object" sid="266557533187255" type="Mouse">
                            <param id="0" name="Object">buttonSumatera</param>
                        </condition>
                        <condition id="7" inverted="1" name="Cursor is over object" sid="506805459162522" type="Mouse">
                            <param id="0" name="Object">mapL5</param>
                        </condition>
                        <condition id="-14" name="Compare variable" sid="472405985019005" type="System">
                            <param id="0" name="Variable">level</param>
                            <param id="1" name="Comparison">5</param>
                            <param id="2" name="Value">4</param>
                        </condition>
                    </conditions>
                    <actions>
                        <action id="-2" name="Go to layout" sid="791391941938359" type="System">
                            <param id="0" name="Layout">Level 4</param>
                        </action>
                    </actions>
                </event-block>
                <event-block sid="522743285497101">
                    <conditions>
                        <condition id="6" name="On object clicked" sid="448141950381114" type="Mouse">
                            <param id="0" name="Mouse button">0</param>
                            <param id="1" name="Click type">0</param>
                            <param id="2" name="Object clicked">mapL5</param>
                        </condition>
                        <condition id="7" inverted="1" name="Cursor is over object" sid="308859468068864" type="Mouse">
                            <param id="0" name="Object">buttonSumatera</param>
                        </condition>
                        <condition id="-14" name="Compare variable" sid="291887982420891" type="System">
                            <param id="0" name="Variable">level</param>
                            <param id="1" name="Comparison">5</param>
                            <param id="2" name="Value">5</param>
                        </condition>
                    </conditions>
                    <actions>
                        <action id="-2" name="Go to layout" sid="370106327813589" type="System">
                            <param id="0" name="Layout">Level 5</param>
                        </action>
                    </actions>
                </event-block>
            </sub-events>
        </event-group>
    </events>
</c2eventsheet>
